<?xml version="1.0" encoding="utf-8" ?>
<dwsync>
<file name="vertical-sep.png" server="tidycat.org//public_html/dev/" local="130179393960000000" remote="130179783600000000" Dst="0" />
<file name="textarea.gif" server="tidycat.org//public_html/dev/" local="130179394040000000" remote="130179783600000000" Dst="0" />
<file name="twitter-account.png" server="tidycat.org//public_html/dev/" local="130179394000000000" remote="130179783600000000" Dst="0" />
<file name="twitter.png" server="tidycat.org//public_html/dev/" local="130179394020000000" remote="130179783600000000" Dst="0" />
<file name="tagline.png" server="tidycat.org//public_html/dev/" local="130179394040000000" remote="130179783600000000" Dst="0" />
<file name="secial-border.gif" server="tidycat.org//public_html/dev/" local="130179394080000000" remote="130179783600000000" Dst="0" />
<file name="logo.png" server="tidycat.org//public_html/dev/" local="130179394140000000" remote="130179783600000000" Dst="0" />
<file name="log-btn.png" server="tidycat.org//public_html/dev/" local="130179394180000000" remote="130179783600000000" Dst="0" />
<file name="list-icon.png" server="tidycat.org//public_html/dev/" local="130179394200000000" remote="130179783600000000" Dst="0" />
<file name="interactive-ico.png" server="tidycat.org//public_html/dev/" local="130179394200000000" remote="130179783600000000" Dst="0" />
<file name="input_field.gif" server="tidycat.org//public_html/dev/" local="130179394220000000" remote="130179783600000000" Dst="0" />
<file name="map.jpg" server="tidycat.org//public_html/dev/" local="130179394160000000" remote="130179783600000000" Dst="0" />
<file name="home-sep.png" server="tidycat.org//public_html/dev/" local="130179394240000000" remote="130179783600000000" Dst="0" />
<file name="home-sep-large.png" server="tidycat.org//public_html/dev/" local="130179394260000000" remote="130179783600000000" Dst="0" />
<file name="home-field.gif" server="tidycat.org//public_html/dev/" local="130179394280000000" remote="130179783600000000" Dst="0" />
<file name="help-icon.png" server="tidycat.org//public_html/dev/" local="130179394460000000" remote="130179783600000000" Dst="0" />
<file name="heading-bg.png" server="tidycat.org//public_html/dev/" local="130179394560000000" remote="130179783600000000" Dst="0" />
<file name="header-field.png" server="tidycat.org//public_html/dev/" local="130179394680000000" remote="130179783600000000" Dst="0" />
<file name="footer.gif" server="tidycat.org//public_html/dev/" local="130179394840000000" remote="130179783600000000" Dst="0" />
<file name="free-ico.png" server="tidycat.org//public_html/dev/" local="130179394760000000" remote="130179784200000000" Dst="0" />
<file name="footer-shadow.png" server="tidycat.org//public_html/dev/" local="130179394900000000" remote="130179784200000000" Dst="0" />
<file name="footer-ico.png" server="tidycat.org//public_html/dev/" local="130179394900000000" remote="130179784200000000" Dst="0" />
<file name="fb-account.png" server="tidycat.org//public_html/dev/" local="130179394960000000" remote="130179784200000000" Dst="0" />
<file name="facebook.png" server="tidycat.org//public_html/dev/" local="130179394960000000" remote="130179784200000000" Dst="0" />
<file name="create-account.png" server="tidycat.org//public_html/dev/" local="130179395000000000" remote="130179784200000000" Dst="0" />
<file name="home-banner.jpg" server="tidycat.org//public_html/dev/" local="130186995658000961" remote="130184974800000000" Dst="0" />
<file name="contact-ico.png" server="tidycat.org//public_html/dev/" local="130179395000000000" remote="130179784200000000" Dst="0" />
<file name="community-ico.png" server="tidycat.org//public_html/dev/" local="130179395020000000" remote="130179784200000000" Dst="0" />
<file name="btn.png" server="tidycat.org//public_html/dev/" local="130179395080000000" remote="130179784200000000" Dst="0" />
<file name="bg.gif" server="tidycat.org//public_html/dev/" local="130179395160000000" remote="130179784200000000" Dst="0" />
<file name="best-ico.png" server="tidycat.org//public_html/dev/" local="130179395180000000" remote="130179784200000000" Dst="0" />
<file name="sgn_up_lbtn.png" server="tidycat.org//public_html/dev/" local="130179458060000000" remote="130179784200000000" Dst="0" />
<file name="cat-mascot.png" server="tidycat.org//public_html/dev/" local="130179395140000000" remote="130179784800000000" Dst="0" />
<file name="rss_large.png" server="tidycat.org//public_html/dev/" local="130179467000000000" remote="130179784800000000" Dst="0" />
<file name="in_large.png" server="tidycat.org//public_html/dev/" local="130179467000000000" remote="130179784800000000" Dst="0" />
<file name="h2_blog_bg.gif" server="tidycat.org//public_html/dev/" local="130179461080000000" remote="130179784800000000" Dst="0" />
<file name="email_medium.png" server="tidycat.org//public_html/dev/" local="130179467000000000" remote="130179784800000000" Dst="0" />
<file name="banner_blog_bg.jpg" server="tidycat.org//public_html/dev/" local="130179462420000000" remote="130179784800000000" Dst="0" />
<file name="in_medium.png" server="tidycat.org//public_html/dev/" local="130179467000000000" remote="130179784800000000" Dst="0" />
<file name="banner_mici_img.png" server="tidycat.org//public_html/dev/" local="130179467000000000" remote="130179784800000000" Dst="0" />
<file name="img_ph_lrg.jpg" server="tidycat.org//public_html/dev/" local="130179468260000000" remote="130179784800000000" Dst="0" />
<file name="btn_normal_bg.png" server="tidycat.org//public_html/dev/" local="130179467000000000" remote="130179784800000000" Dst="0" />
<file name="img_ph_sml.jpg" server="tidycat.org//public_html/dev/" local="130179468260000000" remote="130179784800000000" Dst="0" />
<file name="rss_title_img.png" server="tidycat.org//public_html/dev/" local="130179467000000000" remote="130179784800000000" Dst="0" />
<file name="banner_sap_bg.png" server="tidycat.org//public_html/dev/" local="130179469180000000" remote="130179784800000000" Dst="0" />
<file name="fb_medium.png" server="tidycat.org//public_html/dev/" local="130179467000000000" remote="130179784800000000" Dst="0" />
<file name="blog_right_sep.png" server="tidycat.org//public_html/dev/" local="130179522040000000" remote="130179784800000000" Dst="0" />
<file name="g+_large.png" server="tidycat.org//public_html/dev/" local="130179467000000000" remote="130179785400000000" Dst="0" />
<file name="twt_medium.png" server="tidycat.org//public_html/dev/" local="130179467000000000" remote="130179785400000000" Dst="0" />
<file name="fb_large.png" server="tidycat.org//public_html/dev/" local="130179467000000000" remote="130179785400000000" Dst="0" />
<file name="twt_large.png" server="tidycat.org//public_html/dev/" local="130179467000000000" remote="130179785400000000" Dst="0" />
<file name="drop-arrow.png" server="tidycat.org//public_html/dev/" local="130180165480000000" remote="130179171600000000" Dst="0" />
<file name="logout-btn.png" server="tidycat.org//public_html/dev/" local="130180165500000000" remote="130179171600000000" Dst="0" />
<file name="msg-ico.png" server="tidycat.org//public_html/dev/" local="130180165500000000" remote="130179171600000000" Dst="0" />
<file name="popup-logo.png" server="tidycat.org//public_html/dev/" local="130180323860000000" remote="130179827400000000" Dst="0" />
<file name="confirm-fb.png" server="tidycat.org//public_html/dev/" local="130180324020000000" remote="130179861000000000" Dst="0" />
<file name="popup-cont.png" server="tidycat.org//public_html/dev/" local="130180324020000000" remote="130179827400000000" Dst="0" />
<file name="confirm-tweet.png" server="tidycat.org//public_html/dev/" local="130180324020000000" remote="130179861000000000" Dst="0" />
<file name="popoverbody.gif" server="tidycat.org//public_html/dev/" local="130180324060000000" remote="130179827400000000" Dst="0" />
<file name="happy-face.png" server="tidycat.org//public_html/dev/" local="130180324080000000" remote="130179827400000000" Dst="0" />
<file name="blog_detial_lrg1.jpg" server="tidycat.org//public_html/dev/" local="130180178820000000" remote="130180008600000000" Dst="0" />
<file name="blog_detal_sep_bg.png" server="tidycat.org//public_html/dev/" local="130180179580000000" remote="130180008600000000" Dst="0" />
<file name="blog_detial_sml1.jpg" server="tidycat.org//public_html/dev/" local="130180178820000000" remote="130180008600000000" Dst="0" />
<file name="crss_icon.png" server="tidycat.org//public_html/dev/" local="130173418740000000" remote="130180008600000000" Dst="0" />
<file name="blog_detial_lrg2.jpg" server="tidycat.org//public_html/dev/" local="130180178820000000" remote="130180008600000000" Dst="0" />
<file name="pp_header_bg.jpg" server="tidycat.org//public_html/dev/" local="130180317280000000" remote="130180008600000000" Dst="0" />
<file name="fb_pp.jpg" server="tidycat.org//public_html/dev/" local="130180317300000000" remote="130180008600000000" Dst="0" />
<file name="image_pp.jpg" server="tidycat.org//public_html/dev/" local="130180317300000000" remote="130180008600000000" Dst="0" />
<file name="logo_pp.png" server="tidycat.org//public_html/dev/" local="130180318620000000" remote="130180008600000000" Dst="0" />
<file name="lock_pp.png" server="tidycat.org//public_html/dev/" local="130180318640000000" remote="130180008600000000" Dst="0" />
<file name="twt_pp.jpg" server="tidycat.org//public_html/dev/" local="130180373140000000" remote="130180033200000000" Dst="0" />
<file name="linkin_pp.jpg" server="tidycat.org//public_html/dev/" local="130180379620000000" remote="130180033200000000" Dst="0" />
<file name="fb_mascot.jpg" server="tidycat.org//public_html/dev/" local="130180388420000000" remote="130180033800000000" Dst="0" />
<file name="twt_mascot.jpg" server="tidycat.org//public_html/dev/" local="130180390040000000" remote="130180033800000000" Dst="0" />
<file name="linkin_mascot.jpg" server="tidycat.org//public_html/dev/" local="130180391240000000" remote="130180033800000000" Dst="0" />
<file name="active-nav.gif" server="tidycat.org//public_html/dev/" local="130180996860000000" remote="130179992400000000" Dst="0" />
<file name="edit-ico.png" server="tidycat.org//public_html/dev/" local="130180996860000000" remote="130179992400000000" Dst="0" />
<file name="pointer.png" server="tidycat.org//public_html/dev/" local="130180996880000000" remote="130179992400000000" Dst="0" />
<file name="popover-cat.png" server="tidycat.org//public_html/dev/" local="130180996900000000" remote="130179984600000000" Dst="0" />
<file name="removed-cat.png" server="tidycat.org//public_html/dev/" local="130180996960000000" remote="130180009800000000" Dst="0" />
<file name="resources-ico.png" server="tidycat.org//public_html/dev/" local="130180996960000000" remote="130180005000000000" Dst="0" />
<file name="search-btn.png" server="tidycat.org//public_html/dev/" local="130180996980000000" remote="130179992400000000" Dst="0" />
<file name="sign-ico.gif" server="tidycat.org//public_html/dev/" local="130183713000000000" remote="130180866600000000" Dst="0" />
<file name="inner-bg.jpg" server="tidycat.org//public_html/dev/" local="130180997040000000" remote="130179992400000000" Dst="0" />
<file name="signin.png" server="tidycat.org//public_html/dev/" local="130180997040000000" remote="130179892800000000" Dst="0" />
<file name="page-bg.jpg" server="tidycat.org//public_html/dev/" local="130184425620000000" remote="130183453200000000" Dst="0" />
<file name="friends_face.png" server="tidycat.org//public_html/dev/" local="130181001840000000" remote="130180930800000000" Dst="0" />
<file name="h2_friends.png" server="tidycat.org//public_html/dev/" local="130181001840000000" remote="130180930800000000" Dst="0" />
<file name="invite_friends.png" server="tidycat.org//public_html/dev/" local="130181001860000000" remote="130180930800000000" Dst="0" />
<file name="crss_blue.png" server="tidycat.org//public_html/dev/" local="130181001840000000" remote="130180930800000000" Dst="0" />
<file name="invite_friends_fb.png" server="tidycat.org//public_html/dev/" local="130181001860000000" remote="130180930800000000" Dst="0" />
<file name="srch_btn.png" server="tidycat.org//public_html/dev/" local="130181001840000000" remote="130180930800000000" Dst="0" />
<file name="msg_btn.png" server="tidycat.org//public_html/dev/" local="130183569460000000" remote="130183352400000000" Dst="0" />
<file name="atf_btn.png" server="tidycat.org//public_html/dev/" local="130183569460000000" remote="130183352400000000" Dst="0" />
<file name="info_icon.png" server="tidycat.org//public_html/dev/" local="130183569460000000" remote="130183352400000000" Dst="0" />
<file name="about_icon.png" server="tidycat.org//public_html/dev/" local="130183569460000000" remote="130183352400000000" Dst="0" />
<file name="fb_letter_icon.png" server="tidycat.org//public_html/dev/" local="130183569460000000" remote="130183352400000000" Dst="0" />
<file name="frnd_detail_img.png" server="tidycat.org//public_html/dev/" local="130183569460000000" remote="130183352400000000" Dst="0" />
<file name="in_icon.png" server="tidycat.org//public_html/dev/" local="130183569460000000" remote="130183352400000000" Dst="0" />
<file name="twt_icon.png" server="tidycat.org//public_html/dev/" local="130183569460000000" remote="130183352400000000" Dst="0" />
<file name="about-ico.png" server="tidycat.org//public_html/dev/" local="130183712940000000" remote="130180911600000000" Dst="0" />
<file name="btn-bg.gif" server="tidycat.org//public_html/dev/" local="130183712940000000" remote="130180924800000000" Dst="0" />
<file name="close-button.png" server="tidycat.org//public_html/dev/" local="130183712960000000" remote="130180738800000000" Dst="0" />
<file name="forgot-pass.gif" server="tidycat.org//public_html/dev/" local="130183712980000000" remote="130180941600000000" Dst="0" />
<file name="message-center-ico.gif" server="tidycat.org//public_html/dev/" local="130184425520000000" remote="130183564200000000" Dst="0" />
<file name="refresh-button.png" server="tidycat.org//public_html/dev/" local="130183712980000000" remote="130180738800000000" Dst="0" />
<file name="table-devider.gif" server="tidycat.org//public_html/dev/" local="130183713000000000" remote="130180738800000000" Dst="0" />
<file name="sender-image.png" server="tidycat.org//public_html/dev/" local="130183713000000000" remote="130180738800000000" Dst="0" />
<file name="rscrh_cat_ttl.png" server="tidycat.org//public_html/dev/" local="130183813720000000" remote="130183524600000000" Dst="0" />
<file name="cmnt_icon.png" server="tidycat.org//public_html/dev/" local="130183843000000000" remote="130183524600000000" Dst="0" />
<file name="angul_down.png" server="tidycat.org//public_html/dev/" local="130183843000000000" remote="130183524600000000" Dst="0" />
<file name="rsrch_ttl.png" server="tidycat.org//public_html/dev/" local="130183813700000000" remote="130183524600000000" Dst="0" />
<file name="back_btn.png" server="tidycat.org//public_html/dev/" local="130183813700000000" remote="130183524600000000" Dst="0" />
<file name="angul_up.png" server="tidycat.org//public_html/dev/" local="130183843000000000" remote="130183524600000000" Dst="0" />
<file name="pinn_it_icon.jpg" server="tidycat.org//public_html/dev/" local="130183843920000000" remote="130183524600000000" Dst="0" />
<file name="checkout-button.gif" server="tidycat.org//public_html/dev/" local="130184425480000000" remote="130184054400000000" Dst="0" />
<file name="down-arrow.gif" server="tidycat.org//public_html/dev/" local="130184425480000000" remote="130184014800000000" Dst="0" />
<file name="guide-ico.png" server="tidycat.org//public_html/dev/" local="130184425480000000" remote="130183499400000000" Dst="0" />
<file name="message-tab-bg.gif" server="tidycat.org//public_html/dev/" local="130184425520000000" remote="130183564200000000" Dst="0" />
<file name="privacy-ico.png" server="tidycat.org//public_html/dev/" local="130184425540000000" remote="130183499400000000" Dst="0" />
<file name="progress-bar.gif" server="tidycat.org//public_html/dev/" local="130184425540000000" remote="130184013000000000" Dst="0" />
<file name="recommendation-bg.png" server="tidycat.org//public_html/dev/" local="130184425560000000" remote="130184013000000000" Dst="0" />
<file name="sm-bullet.gif" server="tidycat.org//public_html/dev/" local="130184425560000000" remote="130183499400000000" Dst="0" />
<file name="stage-button.gif" server="tidycat.org//public_html/dev/" local="130184425580000000" remote="130184011800000000" Dst="0" />
<file name="step-mask.png" server="tidycat.org//public_html/dev/" local="130184425580000000" remote="130184058600000000" Dst="0" />
<file name="terms-ico.png" server="tidycat.org//public_html/dev/" local="130184425600000000" remote="130183499400000000" Dst="0" />
<file name="to-do-icon.gif" server="tidycat.org//public_html/dev/" local="130184425600000000" remote="130184011800000000" Dst="0" />
<file name="todo-av-size2.png" server="tidycat.org//public_html/dev/" local="130184425620000000" remote="130184012400000000" Dst="0" />
<file name="todo-av-size1.png" server="tidycat.org//public_html/dev/" local="130184425640000000" remote="130184012400000000" Dst="0" />
<file name="todo-col-devider.gif" server="tidycat.org//public_html/dev/" local="130184425640000000" remote="130184012400000000" Dst="0" />
<file name="todo-av-size3.png" server="tidycat.org//public_html/dev/" local="130184425660000000" remote="130184012400000000" Dst="0" />
<file name="todo-large-gray.png" server="tidycat.org//public_html/dev/" local="130184425660000000" remote="130184012400000000" Dst="0" />
<file name="todo-large-green.png" server="tidycat.org//public_html/dev/" local="130184425680000000" remote="130184012400000000" Dst="0" />
<file name="todo-sidebar-icon.png" server="tidycat.org//public_html/dev/" local="130184425680000000" remote="130184011800000000" Dst="0" />
<file name="todo-large-orange.png" server="tidycat.org//public_html/dev/" local="130184425680000000" remote="130184012400000000" Dst="0" />
<file name="todo-title.gif" server="tidycat.org//public_html/dev/" local="130184425700000000" remote="130184012400000000" Dst="0" />
<file name="yellow-title-bg.gif" server="tidycat.org//public_html/dev/" local="130184425700000000" remote="130184012400000000" Dst="0" />
<file name="todo-small-green.png" server="tidycat.org//public_html/dev/" local="130184425700000000" remote="130184012400000000" Dst="0" />
<file name="checklist-image.png" server="tidycat.org//public_html/dev/" local="130184429860000000" remote="130184068200000000" Dst="0" />
<file name="checklist-title.gif" server="tidycat.org//public_html/dev/" local="130184430040000000" remote="130184068200000000" Dst="0" />
<file name="checklist-submit.png" server="tidycat.org//public_html/dev/" local="130184430040000000" remote="130184068200000000" Dst="0" />
<file name="edit_ac_icon.png" server="tidycat.org//public_html/dev/" local="130184438580000000" remote="130184244600000000" Dst="0" />
<file name="Untitled-1_03.png" server="tidycat.org//public_html/dev/" local="130186176273203986" remote="130185833400000000" Dst="0" />
<file name="rscrs_cat_img.png" server="tidycat.org//public_html/dev/" local="130186224223156566" remote="130185877200000000" Dst="0" />
<file name="rsrch_banner_bg.png" server="tidycat.org//public_html/dev/" local="130186217549404849" remote="130185877200000000" Dst="0" />
<file name="arrow-list.png" server="tidycat.org//public_html/dev/" local="130186995469800197" remote="130185006600000000" Dst="0" />
<file name="blue-button-flex.gif" server="tidycat.org//public_html/dev/" local="130186995470010209" remote="130184971200000000" Dst="0" />
<file name="blue-button-fullwidth.gif" server="tidycat.org//public_html/dev/" local="130186995494631617" remote="130184443200000000" Dst="0" />
<file name="blue-button-large.jpg" server="tidycat.org//public_html/dev/" local="130186995494661619" remote="130184413800000000" Dst="0" />
<file name="blue-button.gif" server="tidycat.org//public_html/dev/" local="130186995494761625" remote="130184224800000000" Dst="0" />
<file name="bottom-three-links.gif" server="tidycat.org//public_html/dev/" local="130186995518062957" remote="130184413800000000" Dst="0" />
<file name="btn-large.png" server="tidycat.org//public_html/dev/" local="130186995518062957" remote="130184203200000000" Dst="0" />
<file name="btn-large2.png" server="tidycat.org//public_html/dev/" local="130186995518162963" remote="130184203200000000" Dst="0" />
<file name="btn-large3.png" server="tidycat.org//public_html/dev/" local="130186995539854204" remote="130184203200000000" Dst="0" />
<file name="checklist-devider.gif" server="tidycat.org//public_html/dev/" local="130186995539864204" remote="130184413800000000" Dst="0" />
<file name="checklist-next-lesson.gif" server="tidycat.org//public_html/dev/" local="130186995539924208" remote="130184413800000000" Dst="0" />
<file name="checkout-button.jpg" server="tidycat.org//public_html/dev/" local="130186995564505614" remote="130184224800000000" Dst="0" />
<file name="comment-close.png" server="tidycat.org//public_html/dev/" local="130186995564505614" remote="130186126800000000" Dst="0" />
<file name="contribute-ico.png" server="tidycat.org//public_html/dev/" local="130186995564605619" remote="130184203200000000" Dst="0" />
<file name="devider.gif" server="tidycat.org//public_html/dev/" local="130186995586266858" remote="130184196000000000" Dst="0" />
<file name="email-ico.gif" server="tidycat.org//public_html/dev/" local="130186995586296860" remote="130186129200000000" Dst="0" />
<file name="facebook-ico.gif" server="tidycat.org//public_html/dev/" local="130186995600847692" remote="130186129200000000" Dst="0" />
<file name="forgot-password-image.jpg" server="tidycat.org//public_html/dev/" local="130186995623318978" remote="130185943200000000" Dst="0" />
<file name="jobs-ico.png" server="tidycat.org//public_html/dev/" local="130186995623458986" remote="130184272200000000" Dst="0" />
<file name="left-slide-arrow.png" server="tidycat.org//public_html/dev/" local="130186995640339951" remote="130186127400000000" Dst="0" />
<file name="lesson-detail-ico.png" server="tidycat.org//public_html/dev/" local="130186995640479959" remote="130184195400000000" Dst="0" />
<file name="lesson-image-placeholder.jpg" server="tidycat.org//public_html/dev/" local="130186995657980960" remote="130184193600000000" Dst="0" />
<file name="lesson-video-placeholder.jpg" server="tidycat.org//public_html/dev/" local="130186995673931872" remote="130184193600000000" Dst="0" />
<file name="linkedin-ico.gif" server="tidycat.org//public_html/dev/" local="130186995673941873" remote="130186129200000000" Dst="0" />
<file name="next-arrow.png" server="tidycat.org//public_html/dev/" local="130186995673991876" remote="130184443200000000" Dst="0" />
<file name="pagination-arrow.gif" server="tidycat.org//public_html/dev/" local="130186995695643114" remote="130184193600000000" Dst="0" />
<file name="pagination-link.gif" server="tidycat.org//public_html/dev/" local="130186995695783122" remote="130184194200000000" Dst="0" />
<file name="partner-ico.png" server="tidycat.org//public_html/dev/" local="130186995718264408" remote="130184203200000000" Dst="0" />
<file name="partner-logo.jpg" server="tidycat.org//public_html/dev/" local="130186995718294410" remote="130184203200000000" Dst="0" />
<file name="oops-mascot.png" server="tidycat.org//public_html/dev/" local="130186995733955306" remote="130184272200000000" Dst="0" />
<file name="press-ico.png" server="tidycat.org//public_html/dev/" local="130186995733955306" remote="130184203200000000" Dst="0" />
<file name="press-imgholder.jpg" server="tidycat.org//public_html/dev/" local="130186995750346243" remote="130184203200000000" Dst="0" />
<file name="pt-contbg.gif" server="tidycat.org//public_html/dev/" local="130186995750356244" remote="130184203200000000" Dst="0" />
<file name="recommendation.gif" server="tidycat.org//public_html/dev/" local="130186995750406247" remote="130184224200000000" Dst="0" />
<file name="start-learning.png" server="tidycat.org//public_html/dev/" local="130186995773657576" remote="130184978400000000" Dst="0" />
<file name="surveys-ico.gif" server="tidycat.org//public_html/dev/" local="130186995773667577" remote="130184422200000000" Dst="0" />
<file name="twitter-ico.gif" server="tidycat.org//public_html/dev/" local="130186995773787584" remote="130186129800000000" Dst="0" />
</dwsync>