<?xml version="1.0" encoding="utf-8" ?>
<dwsync>
<file name="contact-us.html" server="tidycat.org//public_html/dev/" local="130181194920000000" remote="130180822200000000" Dst="0" />
<file name="meow_design_blog_5.html" server="tidycat.org//public_html/dev/" local="130181276580000000" remote="130180917000000000" Dst="0" />
<file name="my-account.html" server="tidycat.org//public_html/dev/" local="130186995837051202" remote="130184971200000000" Dst="0" />
<file name="signup-facebook-confirmation.html" server="tidycat.org//public_html/dev/" local="130180323780000000" remote="130179851400000000" Dst="0" />
<file name="signup-twitter-confirmation.html" server="tidycat.org//public_html/dev/" local="130180323780000000" remote="130179861000000000" Dst="0" />
<file name="signup-email-confirmation.html" server="tidycat.org//public_html/dev/" local="130180323740000000" remote="130179827400000000" Dst="0" />
<file name="resources.html" server="tidycat.org//public_html/dev/" local="130186235519352671" remote="130185877200000000" Dst="0" />
<file name="meow_design_blog_detail_comment_5.html" server="tidycat.org//public_html/dev/" local="130181233360000000" remote="130180875600000000" Dst="0" />
<file name="meow_design_blog_detail_4.html" server="tidycat.org//public_html/dev/" local="130181211260000000" remote="130180875600000000" Dst="0" />
<file name="meow_design_blog_detail_comment_confirm_2.html" server="tidycat.org//public_html/dev/" local="130181234220000000" remote="130180875600000000" Dst="0" />
<file name="meow_design_blog_detail_share_fb_1.html" server="tidycat.org//public_html/dev/" local="130180366420000000" remote="130180033800000000" Dst="0" />
<file name="meow_design_blog_detail_share_fb_confirm_1.html" server="tidycat.org//public_html/dev/" local="130180388540000000" remote="130180033800000000" Dst="0" />
<file name="meow_design_blog_detail_share_linkedin_1.html" server="tidycat.org//public_html/dev/" local="130180385520000000" remote="130180033800000000" Dst="0" />
<file name="meow_design_blog_detail_share_linkedin_confirm_1.html" server="tidycat.org//public_html/dev/" local="130180391580000000" remote="130180033800000000" Dst="0" />
<file name="meow_design_blog_detail_share_tw_1.html" server="tidycat.org//public_html/dev/" local="130180382660000000" remote="130180033800000000" Dst="0" />
<file name="meow_design_blog_detail_share_tw_confirm_2.html" server="tidycat.org//public_html/dev/" local="130180390140000000" remote="130180033800000000" Dst="0" />
<file name="ToDo-item-removed-popup.html" server="tidycat.org//public_html/dev/" local="130180996720000000" remote="130180009200000000" Dst="0" />
<file name="index.html" server="tidycat.org//public_html/dev/" local="130186995805559401" remote="130184974800000000" Dst="0" />
<file name="lesson-Irrelevant-popover.html" server="tidycat.org//public_html/dev/" local="130180997080000000" remote="130179984600000000" Dst="0" />
<file name="recommendation-completed-popup.html" server="tidycat.org//public_html/dev/" local="130180997080000000" remote="130180025400000000" Dst="0" />
<file name="reading.html" server="tidycat.org//public_html/dev/" local="130184425780000000" remote="130180861800000000" Dst="0" />
<file name="remove-recommendation-popup.html" server="tidycat.org//public_html/dev/" local="130180997100000000" remote="130180018800000000" Dst="0" />
<file name="lesson-completed-popup.html" server="tidycat.org//public_html/dev/" local="130180997100000000" remote="130179988200000000" Dst="0" />
<file name="sign-in.html" server="tidycat.org//public_html/dev/" local="130184425820000000" remote="130180864200000000" Dst="0" />
<file name="signup.html" server="tidycat.org//public_html/dev/" local="130186995891964343" remote="130184974800000000" Dst="0" />
<file name="meow_design_friends_4.html" server="tidycat.org//public_html/dev/" local="130186183983234974" remote="130185841200000000" Dst="0" />
<file name="meow_design_friends_4fb.html" server="tidycat.org//public_html/dev/" local="130181288100000000" remote="130180930800000000" Dst="0" />
<file name="meow_design_friends_4suser.html" server="tidycat.org//public_html/dev/" local="130181288400000000" remote="130180930800000000" Dst="0" />
<file name="meow_design_friend_detail.html" server="tidycat.org//public_html/dev/" local="130183639120000000" remote="130183282800000000" Dst="0" />
<file name="meow_design_friends_invite.html" server="tidycat.org//public_html/dev/" local="130183762980000000" remote="130183403400000000" Dst="0" />
<file name="meow_design_friends_remove_4.html" server="tidycat.org//public_html/dev/" local="130183766460000000" remote="130183407000000000" Dst="0" />
<file name="meow_design_resource_comment.html" server="tidycat.org//public_html/dev/" local="130183891340000000" remote="130183531200000000" Dst="0" />
<file name="meow_design_resource_detail_3.html" server="tidycat.org//public_html/dev/" local="130186176757601692" remote="130185817800000000" Dst="0" />
<file name="meow_design_resource_detail_share_email_2.html" server="tidycat.org//public_html/dev/" local="130183883580000000" remote="130183524600000000" Dst="0" />
<file name="meow_design_resource_detail_share_fb_2.html" server="tidycat.org//public_html/dev/" local="130183877400000000" remote="130183524600000000" Dst="0" />
<file name="meow_design_resource_detail_share_tw_2.html" server="tidycat.org//public_html/dev/" local="130183876880000000" remote="130183524600000000" Dst="0" />
<file name="meow_design_resources_category_4.html" server="tidycat.org//public_html/dev/" local="130183838580000000" remote="130183524600000000" Dst="0" />
<file name="meow_design_resource_detail_thumbs.html" server="tidycat.org//public_html/dev/" local="130183890520000000" remote="130183530600000000" Dst="0" />
<file name="contact-us-confirmation.html" server="tidycat.org//public_html/dev/" local="130184425320000000" remote="130183471800000000" Dst="0" />
<file name="aboutus.html" server="tidycat.org//public_html/dev/" local="130186995414847054" remote="130186006200000000" Dst="0" />
<file name="forgot-password-confirmation.html" server="tidycat.org//public_html/dev/" local="130186995470230221" remote="130186095000000000" Dst="0" />
<file name="forgot-password.html" server="tidycat.org//public_html/dev/" local="130186995446738878" remote="130186091400000000" Dst="0" />
<file name="guidelines.html" server="tidycat.org//public_html/dev/" local="130184425440000000" remote="130183498800000000" Dst="0" />
<file name="message-center.html" server="tidycat.org//public_html/dev/" local="130184425760000000" remote="130183563600000000" Dst="0" />
<file name="privacy.html" server="tidycat.org//public_html/dev/" local="130184425760000000" remote="130183498800000000" Dst="0" />
<file name="remove-message.html" server="tidycat.org//public_html/dev/" local="130184425780000000" remote="130183585200000000" Dst="0" />
<file name="reply-message.html" server="tidycat.org//public_html/dev/" local="130186995876153439" remote="130185816000000000" Dst="0" />
<file name="send-message.html" server="tidycat.org//public_html/dev/" local="130184425820000000" remote="130183569000000000" Dst="0" />
<file name="terms.html" server="tidycat.org//public_html/dev/" local="130184425860000000" remote="130183498800000000" Dst="0" />
<file name="to-do-page.html" server="tidycat.org//public_html/dev/" local="130186995904095037" remote="130185888600000000" Dst="0" />
<file name="view-message-detail.html" server="tidycat.org//public_html/dev/" local="130186995906015147" remote="130185806400000000" Dst="0" />
<file name="meow_design_my_account_edit_confirm_4.html" server="tidycat.org//public_html/dev/" local="130186172021570806" remote="130185813000000000" Dst="0" />
<file name="meow_design_my_account_edit_5.html" server="tidycat.org//public_html/dev/" local="130186162513626983" remote="130185813600000000" Dst="0" />
<file name="ToDo-item-completed.html" server="tidycat.org//public_html/dev/" local="130186995397836081" remote="130185994800000000" Dst="0" />
<file name="checklist-page.html" server="tidycat.org//public_html/dev/" local="130186995414877055" remote="130184413200000000" Dst="0" />
<file name="contribute.html" server="tidycat.org//public_html/dev/" local="130186995430757964" remote="130184205000000000" Dst="0" />
<file name="custom-404-error.html" server="tidycat.org//public_html/dev/" local="130186995430907972" remote="130184272200000000" Dst="0" />
<file name="jobs.html" server="tidycat.org//public_html/dev/" local="130186995805589403" remote="130184272200000000" Dst="0" />
<file name="lesson-detail-last.html" server="tidycat.org//public_html/dev/" local="130186995821690324" remote="130186132200000000" Dst="0" />
<file name="lesson-detail.html" server="tidycat.org//public_html/dev/" local="130186995821730326" remote="130185845400000000" Dst="0" />
<file name="partners.html" server="tidycat.org//public_html/dev/" local="130186995837381221" remote="130184203800000000" Dst="0" />
<file name="press.html" server="tidycat.org//public_html/dev/" local="130186995853752158" remote="130184203800000000" Dst="0" />
<file name="remove-ToDo-confirmation.html" server="tidycat.org//public_html/dev/" local="130186995853882165" remote="130186000800000000" Dst="0" />
<file name="recommendations.html" server="tidycat.org//public_html/dev/" local="130186995856222299" remote="130184224200000000" Dst="0" />
<file name="remove-recommendation-confrimation.html" server="tidycat.org//public_html/dev/" local="130186995876133438" remote="130186002600000000" Dst="0" />
<file name="start-learning.html" server="tidycat.org//public_html/dev/" local="130186995921706044" remote="130185870000000000" Dst="0" />
<file name="view-surveys-detail.html" server="tidycat.org//public_html/dev/" local="130186995921726045" remote="130185899400000000" Dst="0" />
<file name="where-are-you-surveys.html" server="tidycat.org//public_html/dev/" local="130186995936646899" remote="130184424000000000" Dst="0" />
</dwsync>