<?xml version="1.0" encoding="utf-8" ?>
<dwsync>
<file name="admin-content-controller.html" server="tidycat.org//public_html/dev/" local="130186994623491791" remote="130168773000000000" Dst="0" />
<file name="meow_admin_design_blog_add.html" server="tidycat.org//public_html/dev/" local="130172308060000000" remote="130171949400000000" Dst="0" />
<file name="meow_admin_design_blog_controller_1.html" server="tidycat.org//public_html/dev/" local="130169135320000000" remote="130168780200000000" Dst="0" />
<file name="meow_admin_design_blog_edit.html" server="tidycat.org//public_html/dev/" local="130172307860000000" remote="130171949400000000" Dst="0" />
<file name="meow_admin_design_blog_detail.html" server="tidycat.org//public_html/dev/" local="130169135260000000" remote="130168780200000000" Dst="0" />
<file name="meow_admin_design_blog_remove.html" server="tidycat.org//public_html/dev/" local="130169135260000000" remote="130168780200000000" Dst="0" />
<file name="meow_admin_design_blog_category_controll.html" server="tidycat.org//public_html/dev/" local="130186995231026540" remote="130171245000000000" Dst="0" />
<file name="meow_admin_design_blog_category_controll_create.html" server="tidycat.org//public_html/dev/" local="130172308920000000" remote="130171949400000000" Dst="0" />
<file name="meow_admin_design_blog_category_controll_edit.html" server="tidycat.org//public_html/dev/" local="130186995234496738" remote="130171340400000000" Dst="0" />
<file name="meow_admin_design_blog_category_controll_remove_1.html" server="tidycat.org//public_html/dev/" local="130186995276779157" remote="130171343400000000" Dst="0" />
<file name="meow_admin_design_banner_controller.html" server="tidycat.org//public_html/dev/" local="130186995192254322" remote="130168770000000000" Dst="0" />
<file name="meow_admin_design_resource_add_edit_1.html" server="tidycat.org//public_html/dev/" local="130186995276809158" remote="130171352400000000" Dst="0" />
<file name="meow_admin_design_resource_add_view.html" server="tidycat.org//public_html/dev/" local="130172342980000000" remote="130171987800000000" Dst="0" />
<file name="meow_admin_design_resources_controll_1.html" server="tidycat.org//public_html/dev/" local="130169135260000000" remote="130168780800000000" Dst="0" />
<file name="meow_admin_design_resources_controll_remove.html" server="tidycat.org//public_html/dev/" local="130186995296890307" remote="130171353600000000" Dst="0" />
<file name="meow_admin_design_survey_lesson_1.html" server="tidycat.org//public_html/dev/" local="130186995381455144" remote="130171356000000000" Dst="0" />
<file name="admin-contacts-controller.html" server="tidycat.org//public_html/dev/" local="130186994535746772" remote="130168785000000000" Dst="0" />
<file name="admin-contacts-history.html" server="tidycat.org//public_html/dev/" local="130186994623201774" remote="130171333200000000" Dst="0" />
<file name="admin-edit-outbound.html" server="tidycat.org//public_html/dev/" local="130186994694335843" remote="130168819800000000" Dst="0" />
<file name="admin-forgot-password.html" server="tidycat.org//public_html/dev/" local="130186994729037828" remote="130168780200000000" Dst="0" />
<file name="admin-logout.html" server="tidycat.org//public_html/dev/" local="130186994749799015" remote="130168811400000000" Dst="0" />
<file name="admin-outbound-email-controller.html" server="tidycat.org//public_html/dev/" local="130186994784290988" remote="130168816800000000" Dst="0" />
<file name="admin-login.html" server="tidycat.org//public_html/dev/" local="130168996520000000" remote="130168631400000000" Dst="0" />
<file name="admin-view-contacts.html" server="tidycat.org//public_html/dev/" local="130186994972611759" remote="130171333200000000" Dst="0" />
<file name="admin-reply.html" server="tidycat.org//public_html/dev/" local="130186994893137214" remote="130171161600000000" Dst="0" />
<file name="admin-users-controller.html" server="tidycat.org//public_html/dev/" local="130186994920178760" remote="130168774800000000" Dst="0" />
<file name="admin-view-outbound.html" server="tidycat.org//public_html/dev/" local="130186994994393005" remote="130171332000000000" Dst="0" />
<file name="meow_admin_design_analytics_dashboard_1.html" server="tidycat.org//public_html/dev/" local="130186206394846845" remote="130185846000000000" Dst="0" />
<file name="admin-add-edit-recommendation.html" server="tidycat.org//public_html/dev/" local="130186994483643792" remote="130173919200000000" Dst="0" />
<file name="admin-add-lesson.html" server="tidycat.org//public_html/dev/" local="130186994483673794" remote="130183464000000000" Dst="0" />
<file name="admin-add-lessons-category.html" server="tidycat.org//public_html/dev/" local="130186994513255486" remote="130173009000000000" Dst="0" />
<file name="admin-add-user.html" server="tidycat.org//public_html/dev/" local="130186994513275487" remote="130168775400000000" Dst="0" />
<file name="admin-broadcost-emails.html" server="tidycat.org//public_html/dev/" local="130186994538386923" remote="130185147000000000" Dst="0" />
<file name="admin-auto-emails.html" server="tidycat.org//public_html/dev/" local="130186994538886952" remote="130172862000000000" Dst="0" />
<file name="admin-edit-auto-emails.html" server="tidycat.org//public_html/dev/" local="130186994626461961" remote="130172863200000000" Dst="0" />
<file name="admin-edit-lessons-category.html" server="tidycat.org//public_html/dev/" local="130186994683925247" remote="130173072600000000" Dst="0" />
<file name="admin-export-users.html" server="tidycat.org//public_html/dev/" local="130186994729297842" remote="130168778400000000" Dst="0" />
<file name="admin-lessons-category-controller.html" server="tidycat.org//public_html/dev/" local="130186994749579002" remote="130172037600000000" Dst="0" />
<file name="admin-lessons-feedback-center.html" server="tidycat.org//public_html/dev/" local="130186994749599004" remote="130171358400000000" Dst="0" />
<file name="admin-points-controller.html" server="tidycat.org//public_html/dev/" local="130186994784260986" remote="130185108000000000" Dst="0" />
<file name="admin-public-users-controller.html" server="tidycat.org//public_html/dev/" local="130186994834213843" remote="130168776000000000" Dst="0" />
<file name="admin-recommendations-controller-remove.html" server="tidycat.org//public_html/dev/" local="130186994835073893" remote="130172967000000000" Dst="0" />
<file name="admin-recommendations-controller.html" server="tidycat.org//public_html/dev/" local="130186994876026235" remote="130172967000000000" Dst="0" />
<file name="admin-remove-lesson-category.html" server="tidycat.org//public_html/dev/" local="130186994878546379" remote="130172136600000000" Dst="0" />
<file name="admin-remove-lesson.html" server="tidycat.org//public_html/dev/" local="130186994893107212" remote="130171518600000000" Dst="0" />
<file name="admin-view-account-detail.html" server="tidycat.org//public_html/dev/" local="130186994920208762" remote="130178307000000000" Dst="0" />
<file name="admin-view-lesson.html" server="tidycat.org//public_html/dev/" local="130186994972631760" remote="130174648200000000" Dst="0" />
<file name="meow_admin_design_survey_add_edit_2.html" server="tidycat.org//public_html/dev/" local="130186995297130321" remote="130172206800000000" Dst="0" />
<file name="meow_admin_design_survey_controller_3.html" server="tidycat.org//public_html/dev/" local="130186995337132609" remote="130172207400000000" Dst="0" />
<file name="meow_admin_design_survey_controller_remove_1.html" server="tidycat.org//public_html/dev/" local="130186995375134782" remote="130172207400000000" Dst="0" />
<file name="meow_admin_design_survey_view_1.html" server="tidycat.org//public_html/dev/" local="130186995397806079" remote="130172965800000000" Dst="0" />
</dwsync>