<?xml version="1.0" encoding="utf-8" ?>
<dwsync>
<file name="nav-sep.gif" server="tidycat.org//public_html/dev/" local="130168996860000000" remote="130168632000000000" Dst="0" />
<file name="line-sep.gif" server="tidycat.org//public_html/dev/" local="130168996800000000" remote="130168632000000000" Dst="0" />
<file name="logout.png" server="tidycat.org//public_html/dev/" local="130168996820000000" remote="130168632000000000" Dst="0" />
<file name="page-body.gif" server="tidycat.org//public_html/dev/" local="130168996900000000" remote="130168632000000000" Dst="0" />
<file name="nav-active.gif" server="tidycat.org//public_html/dev/" local="130168996840000000" remote="130168632000000000" Dst="0" />
<file name="header.gif" server="tidycat.org//public_html/dev/" local="130168996780000000" remote="130168632000000000" Dst="0" />
<file name="nav-bg.gif" server="tidycat.org//public_html/dev/" local="130168996860000000" remote="130168632000000000" Dst="0" />
<file name="sortarrow.png" server="tidycat.org//public_html/dev/" local="130168996940000000" remote="130168632000000000" Dst="0" />
<file name="top_btn_bg.png" server="tidycat.org//public_html/dev/" local="130168997020000000" remote="130168632000000000" Dst="0" />
<file name="input_field.gif" server="tidycat.org//public_html/dev/" local="130168996780000000" remote="130168632000000000" Dst="0" />
<file name="th_bg.gif" server="tidycat.org//public_html/dev/" local="130168996980000000" remote="130168632000000000" Dst="0" />
<file name="date_img.png" server="tidycat.org//public_html/dev/" local="130168996740000000" remote="130168632000000000" Dst="0" />
<file name="tinysce_img1.png" server="tidycat.org//public_html/dev/" local="130168997020000000" remote="130168632000000000" Dst="0" />
<file name="edit_icon.png" server="tidycat.org//public_html/dev/" local="130168996740000000" remote="130168632000000000" Dst="0" />
<file name="delete_icon.png" server="tidycat.org//public_html/dev/" local="130168996740000000" remote="130168632000000000" Dst="0" />
<file name="tinysce_img.png" server="tidycat.org//public_html/dev/" local="130168997060000000" remote="130168632000000000" Dst="0" />
<file name="pp_container_bg.jpg" server="tidycat.org//public_html/dev/" local="130168996940000000" remote="130168632000000000" Dst="0" />
<file name="pp_btn_bg.gif" server="tidycat.org//public_html/dev/" local="130168996880000000" remote="130168632000000000" Dst="0" />
<file name="blog_entry_1.jpg" server="tidycat.org//public_html/dev/" local="130168996700000000" remote="130168632000000000" Dst="0" />
<file name="blog_entry_2.jpg" server="tidycat.org//public_html/dev/" local="130168996700000000" remote="130168632000000000" Dst="0" />
<file name="overlay.png" server="tidycat.org//public_html/dev/" local="130168996880000000" remote="130168632000000000" Dst="0" />
<file name="srch_icon.png" server="tidycat.org//public_html/dev/" local="130168996960000000" remote="130168632000000000" Dst="0" />
<file name="srch_bx_bg.gif" server="tidycat.org//public_html/dev/" local="130168996960000000" remote="130168632000000000" Dst="0" />
<file name="btn-bg.gif" server="tidycat.org//public_html/dev/" local="130168996700000000" remote="130168632000000000" Dst="0" />
<file name="input-bg.gif" server="tidycat.org//public_html/dev/" local="130168996780000000" remote="130168632000000000" Dst="0" />
<file name="reply.png" server="tidycat.org//public_html/dev/" local="130168996940000000" remote="130168632000000000" Dst="0" />
<file name="rscrs_dtl_img1.jpg" server="tidycat.org//public_html/dev/" local="130172336760000000" remote="130171988400000000" Dst="0" />
<file name="rscrs_dtl_img2.jpg" server="tidycat.org//public_html/dev/" local="130172336760000000" remote="130171988400000000" Dst="0" />
<file name="logo.png" server="tidycat.org//public_html/dev/" local="130185513013122704" remote="130185153600000000" Dst="0" />
<file name="border.gif" server="tidycat.org//public_html/dev/" local="130186994991572844" remote="130172084400000000" Dst="0" />
<file name="checklist-image.png" server="tidycat.org//public_html/dev/" local="130186995062916924" remote="130171504800000000" Dst="0" />
<file name="content-devider.gif" server="tidycat.org//public_html/dev/" local="130186995062926925" remote="130171366800000000" Dst="0" />
<file name="edit-post-cancel.gif" server="tidycat.org//public_html/dev/" local="130186995063056932" remote="130185108600000000" Dst="0" />
<file name="edit-post-save.gif" server="tidycat.org//public_html/dev/" local="130186995103459243" remote="130185108600000000" Dst="0" />
<file name="list-arrow.gif" server="tidycat.org//public_html/dev/" local="130186995103659255" remote="130171366200000000" Dst="0" />
<file name="email-editor-image.jpg" server="tidycat.org//public_html/dev/" local="130186995137841210" remote="130172289000000000" Dst="0" />
<file name="profile_img.jpg" server="tidycat.org//public_html/dev/" local="130186995179223577" remote="130178015400000000" Dst="0" />
<file name="tiny-editor.jpg" server="tidycat.org//public_html/dev/" local="130186995192274323" remote="130172108400000000" Dst="0" />
</dwsync>